Id,IdFuncionario,Nome,DataNascimento,Parentesco
1,1,Maria Ferreira,2010-05-10,Filha
2,1,Ana Ferreira,2012-08-20,Filha
3,2,Beatriz Almeida,2015-09-15,Filha
4,2,Carlos Almeida,2018-03-25,Filho
5,3,Sofia Oliveira,2011-07-12,Filha
6,3,Ana Oliveira,2013-11-30,Filha
7,4,Pedro Costa,2009-04-22,Filha
8,4,Julia Costa,2012-10-05,Filha
9,5,Alice Silva,2014-02-28,Filha
10,5,Eduardo Silva,2017-06-19,Filho
11,6,Mariana Santos,2012-08-23,Filha
12,6,Felipe Santos,2015-11-13,Filho
13,7,Ana Almeida,2010-05-10,Filha
14,7,Bruno Almeida,2014-02-25,Filho
15,8,Gabriel Pereira,2011-12-11,Filho
16,8,Isabela Pereira,2014-09-01,Filha
17,9,João Costa,2013-03-04,Filho
18,9,Laura Costa,2016-07-17,Filha
19,10,Daniel Lima,2010-01-09,Filho
20,10,Rafaela Lima,2012-11-23,Filha
21,11,Henrique Martins,2012-04-03,Filho
22,11,Luana Martins,2015-09-14,Filha
23,12,Samuel Rocha,2011-07-22,Filho
24,12,Carla Rocha,2013-10-06,Filha
25,13,Eduardo Souza,2010-05-15,Filho
26,13,Fernanda Souza,2014-11-27,Filha
27,14,Paulo Nunes,2013-01-19,Filho
28,14,Mariana Nunes,2016-06-10,Filho
29,15,Lucas Almeida,2012-12-05,Filho
30,15,Juliana Almeida,2017-03-21,Filha
31,16,Gustavo Silva,2011-08-02,Filho
32,16,Alice Silva,2015-02-13,Filha
33,17,Daniel Costa,2013-10-18,Filho
34,17,Clara Costa,2016-04-11,Filha
35,18,André Santos,2010-07-07,Filho
36,18,Isabel Santos,2012-09-29,Filha
37,19,Bruno Lima,2013-05-04,Filho
38,19,Sofia Lima,2015-08-15,Filha
39,20,Ricardo Rocha,2011-11-17,Filho
40,20,Laura Rocha,2014-07-09,Filha
41,21,Carlos Pereira,2012-06-24,Filho
42,21,Isabela Pereira,2015-12-18,Filha
43,22,Miguel Fernandes,2010-10-13,Filho
44,22,Amanda Fernandes,2014-09-27,Filha
45,23,Lucas Andrade,2011-01-02,Filho
46,23,Fernanda Andrade,2013-08-19,Filha
47,24,Pedro Lima,2012-02-14,Filho
48,24,Letícia Lima,2016-05-23,Filha
49,25,Enzo Costa,2013-11-06,Filho
50,25,Sabrina Costa,2017-07-01,Filha
51,26,Tiago Oliveira,2011-03-17,Filho
52,26,Mariana Oliveira,2014-08-08,Filha
53,27,João Pereira,2011-10-22,Filho
54,27,Maria Pereira,2015-03-30,Filha
